{
  "middleware.ts": 1773580242.664956,
  "tailwind.config.js": 1774351873.7532568,
  "postcss.config.mjs": 1773580242.667031,
  "next-env.d.ts": 1773580396.4939916,
  "eslint.config.mjs": 1773580242.6644416,
  "next.config.ts": 1774091292.8470278,
  "context/SessionContext.tsx": 1773580242.6643753,
  "context/MultiSessionContext.tsx": 1774879735.0541413,
  "app/layout copy.tsx": 1774879735.0389605,
  "app/script.js": 1773580242.6526966,
  "app/page_old.tsx": 1776185616.9763088,
  "app/layout.tsx": 1774879735.0391912,
  "app/page.tsx": 1776185607.554795,
  "app/not-found.tsx": 1773580242.6523838,
  "app/iit-placements/page.tsx": 1776255058.633192,
  "app/iit-placements/[slug]/page.tsx": 1775048776.0612054,
  "app/auth/confirm/route.ts": 1773580242.6504467,
  "app/auth/callback/route.ts": 1773580242.6503506,
  "app/admin/layout.tsx": 1773580242.6472628,
  "app/admin/page.tsx": 1773580242.647463,
  "app/admin/[selected]/page.tsx": 1776185312.173287,
  "app/admin/responses/[id]/page.tsx": 1776528388.0790734,
  "app/admin/responses/[id]/[profileId]/page.tsx": 1776528388.078908,
  "app/admin/evaluate/page.tsx": 1776528388.0784068,
  "app/admin/evaluate/[id]/page.tsx": 1776528388.0780733,
  "app/admin/users/page.tsx": 1776528388.07959,
  "app/admin/users/[id]/page.tsx": 1776528388.0793777,
  "app/Dashboard/layout.tsx": 1773934550.0940092,
  "app/Dashboard/page.tsx": 1773934550.0941458,
  "app/Dashboard/Training/page.tsx": 1776185499.712623,
  "app/Dashboard/Jobs/page.tsx": 1773580242.645792,
  "app/Dashboard/Jobs/[id]/JobForm.tsx": 1776528388.0742817,
  "app/Dashboard/Jobs/[id]/page.tsx": 1774085756.603403,
  "app/Dashboard/Account/page.tsx": 1776528388.0738099,
  "app/actions/candidates.ts": 1776529466.8888562,
  "app/actions/jobs.ts": 1776529469.9895473,
  "app/actions/assignments.ts": 1776528388.074939,
  "app/actions/types.ts": 1776528388.0777333,
  "app/actions/auth.ts": 1776528388.0754151,
  "app/actions/services/auth.service.ts": 1776528388.0763016,
  "app/actions/services/job.service.ts": 1776529616.355094,
  "app/actions/services/index.ts": 1776528388.0775113,
  "app/actions/services/candidate.service.ts": 1776528388.0772069,
  "app/actions/services/assignment.service.ts": 1776528388.076095,
  "app/api/generate-form/route.ts": 1774879735.0354507,
  "app/api/sighire-proxy/[...path]/route.ts": 1773580242.6500337,
  "app/api/assignment/create/[jobId]/route.ts": 1773580242.6481364,
  "app/api/assignment-proxy/[...path]/route.ts": 1773580242.6479495,
  "app/api/evaluate/route.ts": 1776528388.0813472,
  "app/api/evaluate/[job_id]/[candidate_id]/route.ts": 1773580242.6488311,
  "app/api/ranking-proxy/[...path]/route.ts": 1773580242.6499124,
  "app/api/profiles/route.ts": 1773580242.649756,
  "app/api/form-proxy/[...path]/route.ts": 1773580242.649145,
  "app/api/consume-job/route.ts": 1776529787.893459,
  "app/api/evaluate-proxy/[...path]/route.ts": 1773580242.6486144,
  "app/api/payment-proxy/[...path]/route.ts": 1773580242.6496315,
  "app/api/credits/route.ts": 1776528388.0806174,
  "app/api/migrate-jobs-status/route.ts": 1776185836.983259,
  "app/api/submission/upload/route.ts": 1776185521.4640114,
  "app/api/consume-evaluation/route.ts": 1776529707.385791,
  "app/(auth)/sign-up/page.tsx": 1774879735.034527,
  "app/(auth)/sign-in/page.tsx": 1775581929.9665349,
  "app/error/page.tsx": 1773580242.6520169,
  "app/error/access-denied/page.tsx": 1773580242.651957,
  "app/client/layout.tsx": 1773580242.6517534,
  "app/client/page.tsx": 1776185587.7933605,
  "app/client/create-job/page.tsx": 1776341669.285398,
  "app/client/responses/[id]/page.tsx": 1776341950.5051873,
  "app/client/responses/[id]/[profileId]/page.tsx": 1776528388.0822494,
  "app/client/edit/[id]/page.tsx": 1776341814.5089242,
  "app/client/evaluate/[id]/page.tsx": 1776528388.0815804,
  "app/client/profile/page.tsx": 1776528388.0820677,
  "app/client/jobs/[id]/candidates/page.tsx": 1776528388.0818326,
  "app/client/billing/page.tsx": 1773580242.6509557,
  "app/sig-hire/layout.tsx": 1775580162.0072818,
  "app/sig-hire/page.tsx": 1776185625.1530898,
  "app/sig-hire/insights/page.tsx": 1776185838.4172778,
  "app/sig-hire/assignments/page.tsx": 1775585892.5562177,
  "app/sig-hire/evaluations/evaluations-content.tsx": 1775585851.0843866,
  "app/sig-hire/evaluations/page.tsx": 1775583646.6158628,
  "app/sig-hire/uploads/page.tsx": 1775585871.588774,
  "app/sig-hire/rankings/page.tsx": 1775585925.9494364,
  "app/sig-hire/sessions/page.tsx": 1776185629.2802603,
  "app/sig-hire/submission/submission-content.tsx": 1773580242.653793,
  "app/sig-hire/submission/layout.tsx": 1773580242.6536374,
  "app/sig-hire/submission/page.tsx": 1773580242.6536968,
  "app/sig-hire/submission/success/submission-success-content.tsx": 1776185839.432235,
  "app/sig-hire/submission/success/layout.tsx": 1773580242.6538787,
  "app/sig-hire/submission/success/page.tsx": 1773580242.653936,
  "app/submission/submission-content.tsx": 1776185657.194017,
  "app/submission/layout.tsx": 1773580242.6542943,
  "app/submission/page.tsx": 1773580242.6543486,
  "app/submission/success/layout.tsx": 1773580242.654543,
  "app/submission/success/page.tsx": 1773580242.6546016,
  "utils/supabase/middleware.ts": 1774086191.6185553,
  "utils/supabase/client.ts": 1774879735.0970738,
  "utils/supabase/server.ts": 1773580242.9141805,
  "components/Sig-Hire/assignment-cards.tsx": 1776529980.1310945,
  "hooks/useAuthRedirect.ts": 1775580433.5062072,
  "hooks/useDriverGuide.ts": 1774879735.0553503,
  "hooks/use-mobile.ts": 1773580242.6645403,
  "hooks/useMousePosition.tsx": 1774879735.0554798,
  "lib/driver-config.ts": 1776342267.0459015,
  "lib/utils.ts": 1773580242.6648903,
  "lib/constants.ts": 1775576629.1657312,
  "lib/swal.ts": 1775037780.701671,
  "lib/ranking-api.ts": 1775741840.6050043,
  "lib/supabase-rankings.ts": 1773580242.6648295,
  "data/iit-placements.ts": 1775048070.2044916,
  "README.md": 1773580242.6441019,
  "GEMINI.md": 1776528388.0730538,
  "DRIVER_IMPLEMENTATION.md": 1774879735.0338118,
  "AGENTS.md": 1776528388.0728984,
  "CLAUDE.md": 1776528388.0729706,
  "app/actions/README.md": 1776528388.074653,
  "docs/DRIVER_TOURS.md": 1774879735.0550203,
  "graphify-out/GRAPH_REPORT.md": 1776531300.6148393,
  "public/404-robot2.png": 1773580242.6675663,
  "public/grid.svg": 1774880305.2238376,
  "public/LoginPage.png": 1773580242.7770455,
  "public/hero-background-top.svg": 1774880641.387616,
  "public/hero-background-bottom.png": 1774880299.0264494,
  "public/hero-background-bottom-grid.svg": 1774880650.3442664,
  "public/logoDark.svg": 1773934550.1063106,
  "public/BackgroundAuth.jpg": 1773580242.6738575,
  "public/logo.svg": 1773934550.1061978,
  "public/image.png": 1773580242.9136755,
  "public/hero-background-lights.svg": 1774880660.4949746,
  "public/images/footer-bg.png": 1774879735.0745156,
  "public/images/iitbaa-logo.png": 1774879735.0755296,
  "public/images/DaySlots.png": 1775048260.2843177,
  "public/images/PPO.png": 1775048260.2938514,
  "public/images/logo_.svg": 1774879735.0776894,
  "public/images/PolicyEngine.png": 1775048260.2473779,
  "public/images/logo-novare-talent.webp": 1774879735.075824,
  "public/images/PlacementCell.png": 1775048260.2649543,
  "public/images/cta-bg.png": 1774879735.0698066,
  "public/images/logo.jpg": 1774879735.0764143,
  "public/images/nt-logo.png": 1774879735.078336,
  "public/images/Timeline.png": 1775048260.308114,
  "public/images/sine-logo.png": 1774879735.0788321,
  "public/images/logoa.svg": 1774879735.077991,
  "public/images/logo.svg": 1774879735.0774493,
  "public/images/testimonials/chirag.jpg": 1774879735.0832891,
  "public/images/testimonials/deep.jpg": 1774879735.0852265,
  "public/images/testimonials/yashika.jpg": 1774879735.087486,
  "public/images/testimonials/nikhil.jpg": 1774879735.0857983,
  "public/images/testimonials/onkar.jpg": 1774879735.086514,
  "public/images/testimonials/preksha.jpg": 1774879735.0870967,