{
  "components/theme-provider.tsx": 1773580242.6611922,
  "components/toggle-button.tsx": 1773934550.1018612,
  "components/placements/PlacementCTA.tsx": 1775048199.7163153,
  "components/placements/PlacementFAQ.tsx": 1775048199.7166712,
  "components/placements/BranchWiseTable.tsx": 1775048199.7146292,
  "components/placements/PlacementStatsCard.tsx": 1775048199.717714,
  "components/placements/Breadcrumbs.tsx": 1775048199.7150161,
  "components/placements/PlacementTrends.tsx": 1775048199.7183034,
  "components/placements/IITPlacementTable.tsx": 1775048199.7158291,
  "components/ui/data-table.tsx": 1773580242.6619399,
  "components/ui/tabs.tsx": 1773934550.1024325,
  "components/ui/card.tsx": 1773580242.6617095,
  "components/ui/shine-border.tsx": 1774879735.0538244,
  "components/ui/popover.tsx": 1773580242.6630561,
  "components/ui/progress.tsx": 1773580242.6631458,
  "components/ui/particles.tsx": 1774890725.4806247,
  "components/ui/chart.tsx": 1773580242.6618133,
  "components/ui/sheet.tsx": 1773580242.6634698,
  "components/ui/label.tsx": 1773580242.6629698,
  "components/ui/sonner.tsx": 1773580242.663699,
  "components/ui/drawer.tsx": 1773580242.662181,
  "components/ui/tooltip.tsx": 1773580242.6641436,
  "components/ui/alert.tsx": 1773580242.6613657,
  "components/ui/switch.tsx": 1773580242.6637597,
  "components/ui/breadcrumb.tsx": 1773580242.6615694,
  "components/ui/radio-group.tsx": 1773580242.6632407,
  "components/ui/toggle-group.tsx": 1773580242.6640153,
  "components/ui/feature-card.tsx": 1773580242.6625683,
  "components/ui/avatar.tsx": 1773580242.6614323,
  "components/ui/file-upload.tsx": 1773580242.662753,
  "components/ui/dialog.tsx": 1773934550.1021352,
  "components/ui/badge.tsx": 1773580242.661497,
  "components/ui/sidebar.tsx": 1774891866.953675,
  "components/ui/table.tsx": 1773580242.6638258,
  "components/ui/separator.tsx": 1773580242.663403,
  "components/ui/button.tsx": 1776185024.2462895,
  "components/ui/toggle.tsx": 1773580242.6640756,
  "components/ui/checkbox.tsx": 1773580242.6618798,
  "components/ui/dropdown-menu.tsx": 1773580242.6623342,
  "components/ui/select.tsx": 1773580242.6633394,
  "components/ui/textarea.tsx": 1773580242.6639469,
  "components/ui/input.tsx": 1774891650.2227128,
  "components/ui/skeleton.tsx": 1773580242.6636353,
  "components/ui/guide-button.tsx": 1774879735.0537384,
  "components/ui/form.tsx": 1773580242.6628242,
  "components/Client-Dashboard/job-create-form.tsx": 1776191085.2595534,
  "components/Client-Dashboard/TrainingCard.tsx": 1773580242.6571822,
  "components/Client-Dashboard/ClientJobsList.tsx": 1776185909.3602245,
  "components/Client-Dashboard/nav-main.tsx": 1773580242.6575942,
  "components/Client-Dashboard/site-header.tsx": 1773934550.1009917,
  "components/Client-Dashboard/billing-page.tsx": 1776191084.2323914,
  "components/Client-Dashboard/Job-Card.tsx": 1776341786.9533663,
  "components/Client-Dashboard/nav-user.tsx": 1773934550.1004672,
  "components/Client-Dashboard/app-sidebar.tsx": 1776185937.682684,
  "components/Client-Dashboard/question-builder.tsx": 1776191093.3758612,
  "components/Client-Dashboard/Job-Form.tsx": 1773934550.099161,
  "components/Client-Dashboard/CreateJobButton.tsx": 1774879735.043393,
  "components/Client-Dashboard/job-form-preview.tsx": 1773580242.6575346,
  "components/landing/ui/ThemeSwitcher.tsx": 1776186006.305533,
  "components/landing/ui/GlassCard.tsx": 1774879735.0511024,
  "components/landing/ui/shine-border.tsx": 1774879735.05351,
  "components/landing/ui/border-beam.tsx": 1774879735.052746,
  "components/landing/ui/AnimatedCounter.tsx": 1774879735.050718,
  "components/landing/ui/dot-pattern.tsx": 1774879735.0528827,
  "components/landing/ui/Marquee.tsx": 1774879735.051419,
  "components/landing/ui/GlowButton.tsx": 1775135776.8354597,
  "components/landing/ui/SectionHeader.tsx": 1774879735.051619,
  "components/landing/ui/number-ticker.tsx": 1774879735.0532653,
  "components/landing/ui/morphing-text.tsx": 1774879735.0531383,
  "components/landing/ui/flickering-grid.tsx": 1774879735.0530176,
  "components/landing/ui/Button.tsx": 1774879735.0509474,
  "components/landing/ui/progressive-blur.tsx": 1774879735.0533948,
  "components/landing/sections/Hero.tsx": 1775741840.6045752,
  "components/landing/sections/NovareStandard.tsx": 1775137430.3369384,
  "components/landing/sections/Team.tsx": 1775137410.5701847,
  "components/landing/sections/FAQs.tsx": 1775135776.8566756,
  "components/landing/sections/HowItWorks.tsx": 1775137438.9831135,
  "components/landing/sections/FinalCTA.tsx": 1775135776.8568945,
  "components/landing/sections/Zenhyre.tsx": 1775135776.8577514,
  "components/landing/sections/Testimonials.tsx": 1775137422.3000133,
  "components/landing/sections/SocialProofBar.tsx": 1776185976.7125592,
  "components/landing/sections/WhyTheOnePercent.tsx": 1775137442.7780197,
  "components/landing/layout/Navbar.tsx": 1775137963.7883055,
  "components/landing/layout/Footer.tsx": 1774879735.0484197,
  "components/landing/providers/Providers.tsx": 1774879735.0487156,
  "components/landing/effects/ParticleCanvas.tsx": 1774879735.0473032,
  "components/landing/effects/ThreeGrid.tsx": 1774879735.0482326,
  "components/landing/effects/GlobalBackground.tsx": 1774879735.0461357,
  "components/landing/effects/ScrollReveal.tsx": 1774879735.047525,
  "components/landing/effects/GlowOrb.tsx": 1774879735.0463297,
  "components/landing/effects/AuroraMesh.tsx": 1774879735.0459206,
  "components/authForms/sign-User.tsx": 1776191098.4144907,
  "components/authForms/login-form.tsx": 1775582027.1935482,
  "components/Candidate-Dashboard/data-table.tsx": 1775741840.603089,
  "components/Candidate-Dashboard/TextQuestion.tsx": 1773580242.6558878,
  "components/Candidate-Dashboard/nav-main.tsx": 1775135776.8309066,
  "components/Candidate-Dashboard/DashboardGrid.tsx": 1773580242.6555543,
  "components/Candidate-Dashboard/section-cards.tsx": 1773580242.6565862,
  "components/Candidate-Dashboard/job-cards.tsx": 1776341791.6724312,
  "components/Candidate-Dashboard/emp-table.tsx": 1773580242.656225,
  "components/Candidate-Dashboard/site-header.tsx": 1773934550.0982535,
  "components/Candidate-Dashboard/chart-area-interactive.tsx": 1773580242.656056,
  "components/Candidate-Dashboard/RadioQuestion.tsx": 1773580242.6557193,
  "components/Candidate-Dashboard/nav-user.tsx": 1773934550.0981028,
  "components/Candidate-Dashboard/app-sidebar.tsx": 1776185920.4828267,
  "components/Candidate-Dashboard/Github-Connect.tsx": 1776191082.6828234,
  "components/Candidate-Dashboard/AppliedJobsGrid.tsx": 1776191081.5533533,
  "components/Candidate-Dashboard/ResumeUpload.tsx": 1776185919.45831,
  "components/Admin-Dashboard/data-table.tsx": 1776100327.3175714,
  "components/Admin-Dashboard/nav-main.tsx": 1774093261.5327556,
  "components/Admin-Dashboard/section-cards.tsx": 1776100351.358069,
  "components/Admin-Dashboard/site-header.tsx": 1776100355.2494729,
  "components/Admin-Dashboard/JobList.tsx": 1776185911.375069,
  "components/Admin-Dashboard/nav-user.tsx": 1773580242.6552267,
  "components/Admin-Dashboard/app-sidebar.tsx": 1773934550.0969367,
  "components/Admin-Dashboard/create-job.tsx": 1776185069.3461344,
  "components/Sig-Hire/auth-guard.tsx": 1775584873.8502111,
  "components/Sig-Hire/navbar.tsx": 1775585563.1331403,
  "components/Sig-Hire/workflow-stepper.tsx": 1776347176.2304232,
  "components/Sig-Hire/assignment-cards.tsx": 1776347847.6694067,
  "components/Sig-Hire/evaluations-table.tsx": 1775385755.1686897,
  "components/Sig-Hire/PageHeader.tsx": 1775042317.8373497,
  "components/Sig-Hire/rankings-screen.tsx": 1775382251.2706528,
  "components/Sig-Hire/rankings-table.tsx": 1776185990.4795835,
  "components/Sig-Hire/ChromeButton.tsx": 1775135776.8535788,
  "components/Sig-Hire/selected-candidates.tsx": 1773580242.6605992,
  "components/Sig-Hire/loading-overlay.tsx": 1773580242.6599803,
  "components/Sig-Hire/footer.tsx": 1775576976.5784626,